"language","title","short_description","full_description"
"en-US","Mining Puzzle Game","Run a mine: route dump trucks, beat the queue and hit your production target.","Take charge of a busy open-pit mine. Every shift has a production target — and only a handful of excavators, dump trucks and haul roads to hit it.

Assign trucks to excavators, pick the fastest haul route, keep the queue moving and don't let a truck run dry halfway up the ramp. Short, satisfying puzzles that get smarter as you go.

⛏️ 60 LEVELS, 6 MINE SITES
From the Training Pit to the Iron Frontier, each region adds something new: multiple excavators, traffic and narrow roads, fuel stations, rain, road closures, breakdowns and mixed materials.

🚚 PLAN, THEN ADAPT
Drag a truck onto an excavator to reassign it, switch routes on the fly, pinch to zoom in on a busy junction. Stuck? Use a hint — or undo your last move.

⭐ EARN THREE STARS
Finish fast, keep idle time and fuel low, avoid traffic jams. Upgrade truck speed, capacity and excavator buckets, and unlock heavier equipment as you progress.

📅 FRESH CHALLENGES
A new Daily Challenge every day, a tougher Weekly Challenge, and Endless Shift mode where the target keeps rising. Share your best result with friends.

🎓 SITE INDUCTION
Learn how real haul operations work: the load–haul–dump cycle, truck matching, queues, route choice, fuel planning and site safety basics — with short quizzes, practice levels and a certificate you can export.

• Plays fully offline
• No ads, no accounts, no data collection
• Fictional sites — not affiliated with any mining company"
"id","Mining Puzzle Game","Kelola tambang: atur rute dump truck, urai antrean, capai target produksi.","Pimpin sebuah tambang terbuka yang sibuk. Setiap shift punya target produksi — dan hanya beberapa ekskavator, dump truck, dan jalan hauling untuk mencapainya.

Tugaskan truk ke ekskavator, pilih rute hauling tercepat, jaga antrean tetap lancar, dan jangan biarkan truk kehabisan bahan bakar di tengah tanjakan. Puzzle singkat dan memuaskan yang makin menantang seiring permainan.

⛏️ 60 LEVEL, 6 LOKASI TAMBANG
Dari Training Pit hingga Iron Frontier, setiap wilayah menghadirkan hal baru: banyak ekskavator, lalu lintas dan jalan sempit, stasiun BBM, hujan, penutupan jalan, kerusakan unit, dan material campuran.

🚚 RENCANAKAN, LALU BERADAPTASI
Seret truk ke ekskavator untuk memindahkan tugasnya, ganti rute kapan saja, cubit untuk memperbesar persimpangan yang padat. Buntu? Gunakan petunjuk — atau batalkan langkah terakhir.

⭐ RAIH TIGA BINTANG
Selesaikan dengan cepat, tekan waktu idle dan konsumsi BBM, hindari kemacetan. Tingkatkan kecepatan dan kapasitas truk serta bucket ekskavator, dan buka alat berat yang lebih besar seiring kemajuanmu.

📅 TANTANGAN BARU
Daily Challenge baru setiap hari, Weekly Challenge yang lebih sulit, dan mode Endless Shift dengan target yang terus naik. Bagikan hasil terbaikmu ke teman.

🎓 SITE INDUCTION
Pelajari cara kerja operasi hauling yang sebenarnya: siklus load–haul–dump, pencocokan truk, antrean, pemilihan rute, perencanaan BBM, dan dasar keselamatan kerja di site — dilengkapi kuis singkat, level latihan, dan sertifikat yang bisa diekspor.

• Bisa dimainkan sepenuhnya offline
• Tanpa iklan, tanpa akun, tanpa pengumpulan data
• Lokasi fiktif — tidak berafiliasi dengan perusahaan tambang mana pun"
